videos;corrAns
./resources/videos/Run 2/Clip 11 - PsychoPY.mp4;a
./resources/videos/Run 2/Clip 12 - PsychoPY.mp4;c
./resources/videos/Run 2/Clip 13 - PsychoPY.mp4;c
./resources/videos/Run 2/Clip 14 - PsychoPY.mp4;c
./resources/videos/Run 2/Clip 15 - PsychoPY.mp4;c
./resources/videos/Run 2/Clip 16 - PsychoPY.mp4;b
./resources/videos/Run 2/Clip 17 - PsychoPY.mp4;b
./resources/videos/Run 2/Clip 18 - PsychoPY.mp4;a
./resources/videos/Run 2/Clip 19 - PsychoPY.mp4;c
./resources/videos/Run 2/Clip 20 - PsychoPY.mp4;b
